question,image,choice1,choice2,choice3,choice4,choice5,answer,explanation,category,time_limit,問題精査,問題数,言語,非言語
慎み深く、礼儀正しいこと,unnamed.png,粗野,丁寧,謙虚,慇懃,豪快,D,「慇懃（いんぎん）」は、非常に丁寧で礼儀正しいことを指す。,言語,20.0,,242.0,156.0,86.0
勢いが盛んなさま,unnamed.png,隆盛,低迷,沈静,減退,微弱,A,「隆盛（りゅうせい）」は、勢いがあり栄えている状態を表す。,言語,20.0,,,,
事態が思い通りに進まないこと,unnamed.png,不遇,順調,円滑,快調,順応,A,「不遇（ふぐう）」は、望まない状態に置かれること。,言語,20.0,,,,
物事が隅々まで行き届いていること,unnamed.png,簡潔,大雑把,徹底,疎略,散漫,C,「徹底（てってい）」は、物事の隅々まで注意や配慮が行き届いている様子。,言語,20.0,,,,
無関心でいること,unnamed.png,傍観,観察,注視,共感,感銘,A,「傍観（ぼうかん）」は、関与せずにただ見ていること。,言語,20.0,,,,
心を奪われて、うっとりすること,unnamed.png,夢中,陶酔,忘却,煩悩,疑念,B,「陶酔（とうすい）」は、何かに心を奪われてうっとりする様子。,言語,20.0,,,,
わざとらしいほど大げさなこと,unnamed.png,誇張,虚偽,虚構,誤報,誇示,A,「誇張（こちょう）」は、実際よりも大げさに表現すること。,言語,20.0,,,,
突然に変わること,unnamed.png,緩和,徐変,激変,進行,拡大,C,「激変（げきへん）」は、状態が急に大きく変化すること。,言語,20.0,,,,
非常に価値のあるものとして大切にすること,unnamed.png,破棄,希求,珍重,感傷,供養,C,「珍重（ちんちょう）」は、価値を認めて大切に扱うこと。,言語,20.0,,,,
心が落ち着いていて、動じないこと,unnamed.png,沈着,躁鬱,焦燥,短慮,葛藤,A,「沈着（ちんちゃく）」は、冷静で落ち着いた心の状態。,言語,20.0,,,,
隠れていたものが現れること,unnamed.png,発現,潜伏,遮断,隠蔽,密閉,A,「発現（はつげん）」は、潜んでいたものが外に現れること。,言語,20.0,,,,
うその話を本当のように作り上げること,unnamed.png,捏造,模倣,転写,誇張,歪曲,A,「捏造（ねつぞう）」は、根拠のない話を作り出すこと。,言語,20.0,,,,
物事の中心や最も重要な点,unnamed.png,核心,末端,境界,輪郭,外縁,A,「核心（かくしん）」は、物事の中心的で重要な部分。,言語,20.0,,,,
物事を冷静かつ公平に判断する力,unnamed.png,理性,偏見,情動,先入観,執着,A,「理性（りせい）」は、感情に流されず冷静に判断する能力。,言語,20.0,,,,
古くから続く習わし,unnamed.png,慣習,伝言,革新,改訂,創始,A,「慣習（かんしゅう）」は、長い間行われてきた風習ややり方。,言語,20.0,,,,
他と区別される特徴的な性質,unnamed.png,均質,特性,統一,整合,共有,B,「特性（とくせい）」は、そのものが持つ固有の特徴。,言語,20.0,,,,
自分の利益だけを考えて行動すること,unnamed.png,利己,友愛,献身,協調,公平,A,「利己（りこ）」は、自分の利益を優先し他人を顧みない態度。,言語,20.0,,,,
考えが浅く、注意が足りないこと,unnamed.png,安直,軽率,明朗,迅速,華麗,B,「軽率（けいそつ）」は、よく考えずに物事を判断すること。,言語,20.0,,,,
物事に動じず、冷静であること,unnamed.png,柔和,平静,不満,激情,臆病,B,「平静（へいせい）」は、心が安定していて取り乱さないこと。,言語,20.0,,,,
ものごとを広く見渡して考えること,unnamed.png,全容,遠望,俯瞰,詳細,偏見,C,「俯瞰（ふかん）」は、高い視点から全体を見渡すように考察すること。,言語,20.0,,,,
【作者：作品】と同じ関係の語句を選びなさい。【画家：？】,unnamed.png,調理師,編集,絵画,模倣,展示,C,作者が作品を創るのと同様に、画家は絵画を創る。創造者とその成果物の関係。,言語,20.0,,,,
【バター：牛乳】と同じ関係の語句を選びなさい。【チョコレート：？】,unnamed.png,甘味料,カカオ,お菓子,ケーキ,食品,B,バターは牛乳から作られる。チョコレートもカカオから作られる。原材料と製品の関係。,言語,20.0,,,,
【目処：見込】と同じ関係の語句を選びなさい。【自負：？】,unnamed.png,勝利,誇示,自慢,責任,矜恃,E,目処と見込は似た意味。自負と矜恃も「誇り」という意味で類語関係にある。,言語,20.0,,,,
【振り袖：着物】と同じ関係の語句を選びなさい。【ラグビー：？】,unnamed.png,選手,試合,バレー,タックル,スポーツ,E,振り袖は着物の一種。ラグビーはスポーツの一種。後が前の項目を含む関係。,言語,20.0,,,,
【教師：授業】と同じ関係の語句を選びなさい。【記者：？】,unnamed.png,新聞,会社,取材,創作,事件,C,教師が授業を行うように、記者は取材を行う。職業とその主要行動の関係。,言語,20.0,,,,
【自転車：サドル】と同じ関係の語句を選びなさい。【顔：？】,unnamed.png,眉,手,体,首,体,A,サドルは自転車の一部。眉は顔の一部。全体と部分の関係。,言語,20.0,,,,
【コンパス：作図】 と同じ関係の語句を選びなさい。【カメラ：？】,unnamed.png,機械,撮影,現像,ネガ,レンズ,B,コンパスは作図に使う道具。カメラは撮影に使う道具。道具とその用途の関係。,言語,20.0,,,,
【鍋：料理】と同じ関係の語句を選びなさい。【針：？】,unnamed.png,工具,釘,裁縫,布,裁断,C,鍋は料理に使う道具。針は裁縫に使う道具。道具とその用途の関係。,言語,20.0,,,,
【医者：診療】と同じ関係の語句を選びなさい。【建築士：？】,unnamed.png,大工,建物,設計,資格,管理,C,医者が診療を行うように、建築士は設計を行う。職業と業務の関係。,言語,20.0,,,,
【はさみ：文房具】と同じ関係の語句を選びなさい。【のこぎり：】,unnamed.png,包丁,料理,大工道具,建具,刃物,C,はさみは文房具の一種、のこぎりは大工道具の一種。後が前の項目を含む関係。,言語,20.0,,,,
【ラケット：テニス】と同じ関係の語句を選びなさい。【クラブ：？】,unnamed.png,バット,野球,ゴルフ,スポーツ,打撃,C,ラケットはテニスの道具、クラブはゴルフの道具。道具と使用競技の関係。,言語,20.0,,,,
【小説：文学】と同じ関係の語句を選びなさい。【交響曲：？】,unnamed.png,音,演奏,音楽,作曲,曲,C,小説は文学の一分野、交響曲は音楽の一分野。後が前の項目を含む関係。,言語,20.0,,,,
【炎：火】と同じ関係の語句を選びなさい。【波：？】,unnamed.png,水,海,泡,風,流れ,A,炎は火の一部、波は水の一部。部分と全体の関係。,言語,20.0,,,,
【砂糖：甘い】と同じ関係の語句を選びなさい。【酢：】,unnamed.png,酸っぱい,苦い,辛い,しょっぱい,淡い,A,砂糖が甘い味を持つように、酢は酸っぱい味を持つ。性質の関係。,言語,20.0,,,,
【社長：会社】と同じ関係の語句を選びなさい。【校長：？】,unnamed.png,教師,生徒,校舎,学校,職員,D,社長は会社の代表、校長は学校の代表。役職と組織の関係。,言語,20.0,,,,
【月：夜】と同じ関係の語句を選びなさい。【太陽：？】,unnamed.png,星,昼,光,空,熱,B,月は夜のもの、太陽は昼のもの。時間帯と自然の関係。,言語,20.0,,,,
ある数に8を加えると、その数の2倍より6少ない。元の数は？,unnamed.png,10,14,16,20,24,B,x + 8 = 2x - 6 → 解いて x = 14。,非言語,80.0,,,,
3人である仕事をすると、Aは6日、Bは8日、Cは12日かかる。この3人で仕事をすると何日かかるか？,unnamed.png,2日,3日,4日,5日,6日,C,1日の仕事量は1/6+1/8+1/12=13/24 → 24/13日 ≒ 1.85日→実際は約1.85日なので3日より多い4日が適切。,非言語,80.0,,,,
1から100までの自然数のうち、3の倍数でも5の倍数でもある数はいくつ？,unnamed.png,5,6,7,10,15,B,"3と5の公倍数は15。100までの15の倍数は6個（15,30,...,90）。",非言語,80.0,,,,
1本120円のノートを3冊と1本150円のペンを2本買った。合計金額は？,unnamed.png,510円,540円,570円,600円,660円,E,120×3 + 150×2 = 360 + 300 = 660円。,非言語,80.0,,,,
兄は20歳、弟は8歳。何年後に兄の年齢が弟のちょうど2倍になるか？,unnamed.png,2年後,4年後,6年後,8年後,10年後,B,20+x = 2(8+x) → 解いて x=4。,非言語,80.0,,,,
連続する3つの奇数の和が111のとき、中央の数はいくつ？,unnamed.png,35,37,39,41,43,C,"奇数x-2, x, x+2 → 合計3x = 111 → x = 37。中央の数。",非言語,80.0,,,,
ある数の40%は72である。この数はいくつか？,unnamed.png,150,160,170,180,190,D,x×0.4 = 72 → x = 72 ÷ 0.4 = 180。,非言語,80.0,,,,
ある列車が120kmの距離を1時間30分で走るとき、平均時速はいくらか？,unnamed.png,70km/h,75km/h,80km/h,85km/h,90km/h,C,120 ÷ 1.5 = 80km/h。,非言語,80.0,,,,
りんご3個とみかん2個で合計金額が400円。りんご1個100円のとき、みかん1個の値段は？,unnamed.png,30円,40円,50円,60円,70円,C,りんご3個で300円 → 残り100円 → 100÷2=50円。,非言語,80.0,,,,
6人が円形に座る場合、座り方は何通りあるか？,unnamed.png,720通り,120通り,60通り,240通り,360通り,C,円形は (n-1)! → (6-1)! = 120通り。,非言語,80.0,,,,
縦6m、横8mの長方形の面積はいくつ？,unnamed.png,36㎡,42㎡,48㎡,54㎡,60㎡,C,6×8=48。実際には選択肢に誤り → 48㎡が正しい。,非言語,5.0,,,,
1時間に5km歩く人が、18km先の目的地に着くのにかかる時間は？,unnamed.png,2時間30分,3時間,3時間30分,4時間,5時間,C,18÷5 = 3.6時間 → 3時間36分→約3.5時間。,非言語,80.0,,,,
120個の飴を4人で等しく分けると、1人何個か？,unnamed.png,20個,25個,30個,35個,40個,C,120÷4 = 30個。,非言語,80.0,,,,
1つ300円のケーキを5個買い、1000円札2枚で支払った。おつりは？,unnamed.png,200円,300円,400円,500円,600円,B,300×5 = 1500円 → 2000 - 1500 = 500円。正解はD。,非言語,30.0,,,,
1年は何週間か（うるう年でないとする）？,unnamed.png,50週,51週,52週,53週,54週,C,365日 ÷ 7 = 52週と1日。→52週が正しい。,非言語,80.0,,,,
ある商品を定価の20%引きで購入したところ、2400円だった。定価はいくらか？,unnamed.png,2800円,3000円,3200円,3600円,4000円,B,定価×0.8＝2400 → 定価＝2400÷0.8＝3000円,非言語,60.0,,,,
原価2000円の商品に30%の利益を上乗せして販売する。販売価格はいくらか？,unnamed.png,2400円,2500円,2600円,2700円,2800円,A,2000×1.3＝2600円,非言語,60.0,,,,
ある商品を10%値引きして2700円で販売した。定価はいくら？,unnamed.png,2800円,2900円,3000円,3100円,3200円,C,定価×0.9＝2700 → 定価＝2700÷0.9＝3000円,非言語,60.0,,,,
ある商品を定価の25%引きで売ったところ、原価と同じになった。定価は原価の何%？,unnamed.png,1,1.1,1.2,1.3,1.33,E,定価×0.75＝原価 → 定価＝原価÷0.75＝1.333倍＝133%,非言語,60.0,,,,
ある商品を20%の利益で売ったところ、2400円になった。原価は？,unnamed.png,1900円,2000円,2100円,2200円,2300円,B,原価×1.2＝2400 → 原価＝2400÷1.2＝2000円,非言語,60.0,,,,
一定の距離を時速60kmで移動すると2時間半かかる。この距離は？,unnamed.png,120km,130km,140km,150km,160km,D,60km/h × 2.5h＝150km,非言語,60.0,,,,
ある距離を90分で走ったところ、平均時速は40kmだった。距離は？,unnamed.png,50km,55km,60km,65km,70km,C,時間＝90分＝1.5時間 → 40×1.5＝60km,非言語,60.0,,,,
ある人が往復で速度を変えた。行きは60km/h、帰りは40km/hで、往復60kmのとき平均速度は？,unnamed.png,48km/h,49km/h,50km/h,52km/h,54km/h,A,平均速度＝2ab/(a+b)＝2×60×40÷(60+40)=4800÷100＝48km/h,非言語,60.0,,,,
距離120kmを2時間で走るには、平均時速は何km/h必要？,unnamed.png,50km/h,55km/h,60km/h,65km/h,70km/h,C,120km÷2h＝60km/h,非言語,60.0,,,,
80kmの道のりを時速20kmで歩くと何時間かかるか？,unnamed.png,2時間,3時間,4時間,5時間,6時間,D,80÷20＝4時間,非言語,60.0,,,,
ある商品の原価は1500円。25%の利益で販売するにはいくらにすればよいか？,unnamed.png,1800円,1850円,1875円,1900円,1950円,C,1500×1.25＝1875円,非言語,60.0,,,,
時速60kmで3時間走ると何km移動するか？,unnamed.png,160km,170km,180km,190km,200km,C,60×3＝180km,非言語,60.0,,,,
5人の点数の平均が72点のとき、合計点は？,unnamed.png,360点,365点,370点,375点,380点,A,72×5＝360点,非言語,60.0,,,,
3つの商品を平均1000円で買った。うち2つは900円と1100円だった。残り1つはいくら？,unnamed.png,1000円,1100円,1200円,1300円,1400円,A,合計3000円、残りは3000 - 900 - 1100 = 1000円,非言語,60.0,,,,
Aは時速60km、Bは時速40kmで同時に同方向へ出発。AがBに30分で追いつくには、最初の距離差は？,unnamed.png,5km,10km,15km,20km,25km,B,差は60-40=20km/h → 0.5時間で10km,非言語,60.0,,,,
20%引きで2400円の品の定価は？,unnamed.png,2800円,2900円,3000円,3100円,3200円,C,定価×0.8＝2400 → 2400÷0.8＝3000円,非言語,60.0,,,,
80点、70点、90点の3人の平均点は？,unnamed.png,75点,76点,77点,79点,80点,E,(80+70+90)÷3=240÷3=80点,非言語,60.0,,,,
あるクラスの平均身長は160cm、40人いるとき、合計身長は？,unnamed.png,6200cm,6300cm,6400cm,6500cm,6600cm,C,160×40＝6400cm,非言語,60.0,,,,
原価2000円の商品を20%引き→さらに10%引き。販売価格は？,unnamed.png,1400円,1440円,1480円,1520円,1600円,B,2000×0.8×0.9＝1440円,非言語,60.0,,,,
ある道を60km/hで走ると30分早く、40km/hで走ると30分遅れる。距離は？,unnamed.png,120km,140km,160km,180km,200km,A,60と40の時間差は1時間 → x/40 - x/60 = 1 → 解いて x=120km,非言語,60.0,,,,
原価800円の商品を25%引きで売った。販売価格は？,unnamed.png,580円,600円,620円,640円,660円,D,800×0.75＝600円,非言語,60.0,,,,
平均点70点の5人のうち、4人の合計が280点だった。残り1人の点数は？,unnamed.png,50点,60点,70点,80点,90点,D,平均70×5＝350 → 残り1人＝350−280＝70点,非言語,60.0,,,,
A店は定価の10%引き、B店は20%引きでポイント5%。どちらが安い？定価1000円,unnamed.png,A店が安い,B店が安い,同じ,わからない,条件不足,B,A:900円、B:800円-40円(ポイント)=760円 → Bが安い,非言語,60.0,,,,
平均時速60kmで3時間走った距離は？,unnamed.png,160km,170km,180km,190km,200km,C,60×3＝180km,非言語,60.0,,,,
3割引された商品が2100円。定価は？,unnamed.png,2800円,2900円,3000円,3100円,3200円,C,定価×0.7＝2100 → 2100÷0.7＝3000円,非言語,60.0,,,,
ある人が時速6kmで歩くと40分かかる距離は？,unnamed.png,3km,4km,5km,6km,7km,B,40分＝2/3時間 → 6×2/3＝4km,非言語,60.0,,,,
合計400点を5人で平均点を5点上げるには何点必要？,unnamed.png,425点,440点,445点,450点,475点,D,5人×5点＝25点必要 → 400+25＝450点,非言語,60.0,,,,
原価1600円を定価の20%引きで売って損失100円。定価は？,unnamed.png,1800円,1900円,2000円,2100円,2200円,C,販売価格=1500円 → 定価×0.8=1500 → 定価=1500÷0.8=1875円,非言語,60.0,,,,
Aは100mを10秒、Bは12秒で走る。差は？,unnamed.png,10m,15m,16m,20m,25m,C,Bの速さ＝8.33m/s → 10秒で83.3m走る → 差＝16.7m,非言語,60.0,,,,
50点、70点、90点の平均点は？,unnamed.png,65点,70点,75点,80点,85点,C,(50+70+90)/3＝210/3＝70点,非言語,60.0,,,,
時速90kmで走って3時間。距離は？,unnamed.png,250km,260km,270km,280km,290km,C,90×3＝270km,非言語,60.0,,,,
原価1200円、利益20%。販売価格は？,unnamed.png,1300円,1400円,1440円,1500円,1600円,C,1200×1.2＝1440円,非言語,60.0,,,,
定価2400円の商品を25%引き。販売価格は？,unnamed.png,1600円,1700円,1800円,1900円,2000円,C,2400×0.75＝1800円,非言語,60.0,,,,
60点、70点、80点、90点の平均点は？,unnamed.png,75点,76点,77点,78点,79点,A,(60+70+80+90)/4=300/4=75点,非言語,60.0,,,,
5人の平均点が80点、6人目は70点。6人の平均は？,unnamed.png,76.6点,77点,78.3点,79点,80点,C,(400+70)/6＝470/6＝78.3点,非言語,60.0,,,,
40%の損で売ったら2400円だった。原価は？,unnamed.png,3800円,4000円,4200円,4400円,4600円,B,x×0.6=2400 → x=2400÷0.6＝4000円,非言語,60.0,,,,
1500円を5%値引きしたらいくら？,unnamed.png,1420円,1430円,1440円,1450円,1460円,C,1500×0.95＝1425円,非言語,60.0,,,,
時速50kmで90分走ると？,unnamed.png,65km,70km,75km,80km,85km,C,90分＝1.5時間 → 50×1.5＝75km,非言語,60.0,,,,
定価の10%引きで2700円。定価は？,unnamed.png,2900円,2950円,3000円,3050円,3100円,C,定価×0.9＝2700 → 定価＝2700÷0.9＝3000円,非言語,60.0,〇,,,
平均時速60kmで走ったら3時間半かかった。距離は？,unnamed.png,200km,210km,220km,230km,240km,C,60×3.5＝210km,非言語,60.0,,,,
"甲・乙・丙・丁の4人が週2日勤務し、月〜金のすべての曜日に最低1人は出勤する。
甲は月曜・木曜、乙は火曜・金曜出勤。丙は水曜・金曜。丁が火曜・水曜なら、2人出勤となる曜日は？",unnamed.png,火曜日のみ,水曜日のみ,金曜日のみ,火曜日と水曜日,水曜日と金曜日,D,火曜：乙・丁、水曜：丙・丁 → 火・水が2人勤務。,非言語,120.0,,,,
"4人とも週2日勤務し、全曜日カバー。
甲は月・火、乙は火・木、丙は水・金、丁が木・金出勤の場合、1人だけの曜日は？",unnamed.png,月曜日,火曜日,木曜日,金曜日,水曜日,A,月曜：甲のみ。他はすべて2人。,非言語,120.0,,,,
"各人週2日勤務。月〜日すべての曜日に誰かが出勤。
甲：水・土、乙：金・日、丙が月・木なら、2人勤務となる曜日は？",unnamed.png,水曜日のみ,木曜日のみ,金曜日のみ,土曜日のみ,該当なし,E,すべて1人のみ出勤で、2人勤務の曜日は存在しない。,非言語,120.0,,,,
"全員週2日出勤。全曜日カバー。
甲：火・金、乙：月・火、丙：水・土のとき、金曜の出勤人数は？",unnamed.png,0人,1人,2人,3人,わからない,B,金曜は甲のみ。,非言語,120.0,,,,
"甲・乙・丙の3人が週2日勤務している。全曜日に最低1人が出勤している。
甲は火曜と金曜に出勤する。乙は水曜と木曜に出勤。丙の出勤日として必ず必要なのはどれか。",unnamed.png,月曜日,火曜日,水曜日,木曜日,金曜日,A,月曜は甲・乙が出勤しておらず、全曜日カバーの条件より、丙が月曜に出勤する必要がある。,非言語,120.0,,,,
"4人が週2日勤務、すべての曜日に1人以上が出勤する。
甲：月・火、乙：水・金、丙：木・金、丁：火・木のとき、2人出勤する日はどれか。",unnamed.png,月曜日,火曜日,水曜日,木曜日,金曜日,D,木曜は丙と丁の2人が出勤している。,非言語,120.0,,,,
"各人は週2日勤務。全曜日に1人は出勤している。
甲：水・土、乙：木・金、丙：月・日出勤。火曜の出勤者として必須なのは？",unnamed.png,甲,乙,丙,誰でもよい,誰も火曜に出勤していない,D,火曜は誰も出ていないため、誰か1人が必ず火曜に出る必要がある（特定はできない）。,非言語,120.0,,,,
"4人が週2日勤務。すべての曜日に1人以上出勤。
甲：火・水、乙：金・土、丙：日・月、丁：火・金のとき、出勤者が2人となる曜日は？",unnamed.png,月曜日,火曜日,水曜日,金曜日,日曜日,B,火曜は甲・丁が出勤しており、2人勤務。,非言語,120.0,,,,
"3人とも週2日勤務。月〜金すべてカバー。
甲：火・木、乙：月・水、丙：水・金出勤時、出勤が1人だけの曜日は？",unnamed.png,火曜日,水曜日,木曜日,金曜日,月曜日,C,木曜は甲のみ出勤。他の曜日は複数名出勤。,非言語,120.0,,,,
"A, B, C, Dの4人が赤、青、黄、緑のTシャツを1人1色ずつ持っている。
Ⅰ）Aは赤を持っている。
Ⅱ）BとCは緑を持っていない。
このとき、必ず正しいものはどれか。",unnamed.png,Bは青を持っている,Cは黄を持っている,Dは緑を持っている,Aは青を持っている,A〜Dのいずれも必ず正しいとはいえない,C,緑はBとCが除外されるためDが緑、Aは赤確定。,非言語,120.0,,,,
"P, Q, R, Sの4人が黒、白、赤、青の帽子を1人1つずつ持っている。
Ⅰ）Rは白の帽子を持っている。
Ⅱ）QとSは黒を持っていない。
このとき、必ず正しいものはどれか。",unnamed.png,Qは赤を持っている,Sは青を持っている,Pは黒を持っている,Rは黒を持っている,A〜Dのいずれも必ず正しいとはいえない,C,黒はQとSで除外 → 残るPが黒。Rは白確定。,非言語,120.0,,,,
"E, F, G, Hが赤、青、黄、緑のペンを1本ずつ持つ。
Ⅰ）Fは黄を持っている。
Ⅱ）EとHは青を持っていない。
このとき、必ず正しいのはどれか。",unnamed.png,Gは青を持っている,Eは赤を持っている,Hは緑を持っている,Fは青を持っている,A〜Dのいずれも必ず正しいとはいえない,A,青を除外されたのはEとH → Gが青確定。,非言語,120.0,,,,
"A, B, C, Dが赤、青、黄、白の旗を1枚ずつ持つ。
Ⅰ）Cは青の旗を持っている。
Ⅱ）AとDは赤の旗を持っていない。
このとき、必ず正しいのはどれか。",unnamed.png,Bは赤を持っている,Aは白を持っている,Dは黄を持っている,Cは赤を持っている,A〜Dのいずれも必ず正しいとはいえない,A,"赤を除外されたのはA,D → 残るBが赤確定。",非言語,120.0,,,,
"P, Q, R, Sが赤、緑、黄、白のマフラーを持っている。
Ⅰ）Qは白を持っている。
Ⅱ）RとSは赤を持っていない。
このとき、必ず正しいのはどれか。",unnamed.png,Pは赤を持っている,Rは緑を持っている,Sは黄を持っている,Qは赤を持っている,A〜Dのいずれも必ず正しいとはいえない,A,"赤を除外されたのはR,S → Pが赤確定。Qは白確定。",非言語,120.0,,,,
"M, N, O, Pの4人が赤、青、黄、緑のカードを持っている。
Ⅰ）Mは黄を持っている。
Ⅱ）NとOは赤を持っていない。
このとき、必ず正しいのはどれか。",unnamed.png,Pは赤を持っている,Oは青を持っている,Nは緑を持っている,Mは青を持っている,A〜Dのいずれも必ず正しいとはいえない,A,赤を持てるのはMとP。Mは黄なので、Pが赤確定。,非言語,120.0,,,,
"A, B, C, Dの4人が黒、白、赤、青の風船を1つずつ持つ。
Ⅰ）Dは青を持っている。
Ⅱ）AとBは白を持っていない。
このとき、必ず正しいのはどれか。",unnamed.png,Cは白を持っている,Aは赤を持っている,Bは黒を持っている,Dは赤を持っている,A〜Dのいずれも必ず正しいとはいえない,A,白が除外されたのはAとB → 残るCが白確定。Dは青確定。,非言語,120.0,,,,
"W, X, Y, Zが赤、緑、黄、白のブロックをそれぞれ持つ。
Ⅰ）Xは白を持っている。
Ⅱ）YとZは緑を持っていない。
このとき、必ず正しいのはどれか。",unnamed.png,Wは緑を持っている,Yは赤を持っている,Zは黄を持っている,Xは黄を持っている,A〜Dのいずれも必ず正しいとはいえない,A,"緑が除外されたのはY,Z → 残るWが緑、Xは白確定。",非言語,120.0,,,,
"K, L, M, Nの4人が黒、白、黄、緑のノートを1人1冊ずつ持っている。
Ⅰ）Kは黒を持っている。
Ⅱ）LとMは黄を持っていない。
このとき、必ず正しいのはどれか。",unnamed.png,Nは黄を持っている,Lは白を持っている,Mは緑を持っている,Kは白を持っている,A〜Dのいずれも必ず正しいとはいえない,A,黄はLとMで除外 → Nが黄確定。Kは黒確定。,非言語,120.0,,,,
"T, U, V, Wが青、赤、黄、緑のコップを1人1個ずつ持っている。
Ⅰ）Uは青を持っている。
Ⅱ）TとWは赤を持っていない。
このとき、必ず正しいのはどれか。",unnamed.png,Vは赤を持っている,Tは黄を持っている,Wは緑を持っている,Uは黄を持っている,A〜Dのいずれも必ず正しいとはいえない,A,"赤を持てるのはU,V → Uは青確定 → Vが赤確定。",非言語,120.0,,,,
"店の始業は午前9時。AはBより7分早く出勤し、BはCより3分遅く、DはAより5分遅く、8:50に出勤した。
ア：8:45には誰かが出勤していた　イ：全員遅刻していない",unnamed.png,A：アもイも正しい,B：アは正しいが，イはどちらともいえない,C：アは正しいが，イは誤り,D：アは誤りだが，イは正しい,E：アもイも誤り,A,AがBより7分早く、BがCより3分遅い→AはCより4分早い。DはAより5分遅く、8:50なのでAは8:45、Cは8:49、Bは8:52。アもイも正しい。,非言語,120.0,,,,
"始業は午前9時。PはQより8分遅く、QはRより2分遅く、SはRより6分早く、8:46に出勤した。
ア：8:40には出勤していた者がいる　イ：全員遅刻していない",unnamed.png,A：アもイも正しい,B：アは正しいが，イはどちらともいえない,C：アは正しいが，イは誤り,D：アは誤りだが，イは正しい,E：アもイも誤り,A,R = 8:46、SはRより6分早い→S=8:40。P=Q+8、Q=R+2→順に追えば全員9時前に出勤。アもイも正しい。,非言語,120.0,,,,
"始業は9時。AはBより6分早く、CはAより3分遅く、DはCより4分早く、8:48に出勤。
ア：8:45以前に出勤した人がいる　イ：全員遅刻していない",unnamed.png,A：アもイも正しい,B：アは正しいが，イはどちらともいえない,C：アは正しいが，イは誤り,D：アは誤りだが，イは正しい,E：アもイも誤り,A,Dが8:48。CはDより4分遅い→C=8:52。AはCより3分早く→8:49、BはAより6分遅い→8:55。A=8:49はア正、イも9時前で正。,非言語,120.0,,,,
"始業は9時。PはQより4分早く、RはQより5分遅く、SはPより3分早く、8:47に出勤。
ア：8:45以前に出勤した人がいる　イ：遅刻者はいない",unnamed.png,A：アもイも正しい,B：アは正しいが，イはどちらともいえない,C：アは正しいが，イは誤り,D：アは誤りだが，イは正しい,E：アもイも誤り,A,P=Q−4、Q=R−5、S=P−3→S=8:47→P=8:50、Q=8:54、R=8:49。最も早いSがいる→アもイも正しい。,非言語,120.0,,,,
"始業は9時。MはNより10分遅く、OはMより5分早く、PはOより4分遅く、8:52に出勤。
ア：8:45に出勤していた者がいる　イ：Mは遅刻していない",unnamed.png,A：アもイも正しい,B：アは正しいが，イは誤り,C：アはどちらともいえないが，イは正しい,D：アは誤りだが，イは正しい,E：アもイも誤り,B,P=8:52→O=P−4=8:48→M=O+5=8:53→N=M−10=8:43。Nが最も早く出勤、Mは8:53なので遅刻。アは正、イは誤。,非言語,120.0,,,,
"始業は9時。AはBより5分遅く、CはBより4分早く、DはAより6分早く、8:50に出勤。
ア：8:45以前に出勤した人がいる　イ：遅刻者はいない",unnamed.png,A：アもイも正しい,B：アは正しいが，イは誤り,C：アは誤りで，イは正しい,D：アもイも誤り,E：アはどちらともいえないが，イは正しい,A,A=8:50、D=A−6=8:44、B=A+5=8:55、C=B−4=8:51。Dが8:44 →ア正。全員9時前→イ正。,非言語,120.0,,,,
店の始業は午前9時。AはBより7分早く出勤し、BはCより3分遅く、DはAより5分遅く、8:50に出勤した。確実に正しいのはどれか,unnamed.png,Aが一番早く出勤した,DはCより早い,Bは遅刻した,CはDより早い,AはBより7分早い,E,AがBより7分早いと条件で明示。時刻関係の中で最も確実なのはこの差。,非言語,120.0,,,,
始業は午前9時。PはQより8分遅く、QはRより2分遅く、SはRより6分早く、8:46に出勤した。確実に正しいのはどれか,unnamed.png,Sは全員の中で最も早く出勤した,Pは遅刻した,QはPより早い,QとRは同時出勤,PとRは同時出勤,A,Sが8:46、R=S+6=8:52、Q=R−2=8:50、P=Q+8=8:58 →Sが最も早い出勤。,非言語,120.0,,,,
始業は9時。AはBより6分早く、CはAより3分遅く、DはCより4分早く、8:48に出勤。確実に正しいのはどれか,unnamed.png,AはBより6分早い,CはBより早い,DはCより遅い,DはAより遅い,BはDより早い,A,D=8:48→C=D+4=8:52→A=C−3=8:49→B=A+6=8:55 →AとBの差6分は確定。,非言語,120.0,,,,
始業は9時。PはQより4分早く、RはQより5分遅く、SはPより3分早く、8:47に出勤。確実に正しいのはどれか,unnamed.png,SはPより3分早い,QはRより5分早い,PはSより遅い,Rは遅刻した,PはQと同時出勤,A,S=8:47、P=S+3=8:50、Q=P+4=8:54、R=Q+5=8:59 →Sが最も早い。,非言語,120.0,,,,
始業は9時。MはNより10分遅く、OはMより5分早く、PはOより4分遅く、8:52に出勤。確実に正しいのはどれか,unnamed.png,Nは全員で最も早い,PはMより遅い,OはMより遅い,MはNより早い,PはNより遅い,A,P=8:52、O=P−4=8:48、M=O+5=8:53、N=M−10=8:43 →Nが最も早い。,非言語,120.0,,,,
始業は9時。AはBより5分遅く、CはBより4分早く、DはAより6分早く、8:50に出勤。確実に正しいのはどれか,unnamed.png,Cは全員の中で最も早い,DはBと同じ,AはCより早い,BはCより遅い,Aは最も早い,A,A=8:50、B=A−5=8:45、C=B−4=8:41、D=A−6=8:44 →Cが最も早い出勤。,非言語,120.0,,,,
【感覚：嗅覚】と同じ関係の語句を選びなさい。【才能：？】,unnamed.png,文才,秀才,天才,凡才,非凡,A,嗅覚は感覚の一種。文才は才能の一種。前が後の項目を含む。,言語,20.0,,,,
【確定：仮定】と同じ関係の語句を選びなさい。【陥没：？】,unnamed.png,上昇,興隆,隆起,沈下,隆盛,C,確定と仮定は対義語。陥没（かんぼつ）の対義語は隆起（りゅうき）。,言語,20.0,,,,
【玩味：咀嚼】と同じ関係の語句を選びなさい。【邂逅：？】,unnamed.png,再会,僥倖,一遇,遭遇,謁見,D,玩味（がんみ）と咀嚼（そしゃく）は類義語。邂逅（かいこう）の類義語は遭遇（そうぐう）。,言語,20.0,,,,
【時計：秒針】と同じ関係の語句を選びなさい。【机：？】,unnamed.png,箪笥,家具,学習,椅子,引き出し,E,秒針は時計の一部。机の一部は引き出し。,言語,20.0,,,,
【小麦：穀物】と同じ関係の語句を選びなさい。【果樹：？】,unnamed.png,食料,畑,蜜柑,樹木,栽培,D,小麦は穀物の一種。果樹は樹木の一種。後が前の項目を含む。,言語,20.0,,,,
【平野：盆地】と同じ関係の語句を選びなさい。【能：？】,unnamed.png,囲碁,文楽,芸術,芸能,舞台,B,平野も盆地も地形の一種であり、同種類の関係。能も文楽も芸能の一種であり、同種類の関係。,言語,20.0,,,,
【ドア：ノブ】と同じ関係の語句を選びなさい。【漢字：？】,unnamed.png,かな,つくり,和語,漢語,カタカナ,B,ノブはドアを構成する一部。つくりは漢字を構成する一部。,言語,20.0,,,,
【逓減：漸減】と同じ関係の語句を選びなさい。【腐心：？】,unnamed.png,執心,熱心,苦心,会心,改心,C,逓減（ていげん）と漸減（ぜんげん）は類義語。腐心（ふしん）の類義語は苦心（くしん）。,言語,20.0,,,,
【委細：概略】と同じ関係の語句を選びなさい。【模倣：？】,unnamed.png,特殊,独特,独立,自作,創造,E,委細（いさい）と概略（がいりゃく）は対義語。模倣の対義語は創造。,言語,20.0,,,,
【斟酌：忖度】と同じ関係の語句を選びなさい。【傍観：？】,unnamed.png,対峙,路傍,座視,達観,景観,C,斟酌（しんしゃく）と忖度（そんたく）は類義語。傍観（ぼうかん）の類義語は座視（ざし）。,言語,20.0,,,,
【応戦：挑戦】と同じ関係の語句を選びなさい。【率先：？】,unnamed.png,統率,婉曲,牽引,追従,後釜,D,応戦と挑戦は対義語。率先（そっせん）の対義語は追従（ついじゅう）。,言語,20.0,,,,
【木枯らし：風】と同じ関係の語句を選びなさい。【くもり：？】,unnamed.png,天気,空気,空,温度,晴れ,A,木枯らしは風の一種。くもりは天気の一種。後が前の項目を含む。,言語,20.0,,,,
【季節：初春】と同じ関係の語句を選びなさい。【月：？】,unnamed.png,満月,空気,太陽,星,雲,A,初春は季節の一種。満月は月の一種。前が後の項目を含む。,言語,20.0,,,,
【サッカー：球技】と同じ関係の語句を選びなさい。【カレー：？】,unnamed.png,香辛料,料理,インド,オムライス,欧風,B,サッカーは球技の一種。カレーは料理の一種。後が前の項目を含む。,言語,20.0,,,,
【取っ手：ドア】と同じ関係の語句を選びなさい。【芯：？】,unnamed.png,筆記用具,文房具,鉛筆,消しゴム,筆,C,取っ手はドアの一部。芯は鉛筆の一部。,言語,20.0,,,,
【スマートフォン：通信】と同じ関係の語句を選びなさい。【ハサミ：？】,unnamed.png,文房具,糊,切断,便利,鋏,C,スマートフォンの機能は通信。ハサミの機能は切断。,言語,20.0,,,,
【船：飛行機】と同じ関係の語句を選びなさい。【晴れ：？】,unnamed.png,天候,北風,埃,扇風機,曇り,E,船も飛行機も乗り物の一種。同種類の関係。晴れも曇りも天気の一種。,言語,20.0,,,,
【包丁：まな板】と同じ関係の語句を選びなさい。【針：？】,unnamed.png,裁縫,穴,糸,縫い目,釘,C,包丁とまな板はセットで使うもの。針とセットで使うものは糸。,言語,20.0,,,,
【車：自動車】と同じ関係の語句を選びなさい。【道：？】,unnamed.png,歩道,車道,自転車,道路,歩行者,D,車と自動車は同義語。道の同義語は道路。,言語,20.0,,,,
【長い：短い】と同じ関係の語句を選びなさい。【希望：？】,unnamed.png,願望,切望,嘱望,絶望,欲望,D,長いと短いは対義語。希望の対義語は絶望。,言語,20.0,,,,
【餅：もち米】と同じ関係の語句を選びなさい。【チョコレート：？】,unnamed.png,嗜好品,カカオ,ガム,甘味料,珈琲,B,もち米は餅の原材料。チョコレートの原材料はカカオ。,言語,20.0,,,,
【部品：組立】と同じ関係の語句を選びなさい。【データ：？】,unnamed.png,数字,コンピュータ,事実,ニュース,解析,E,「～を～する」と言える組み合わせ。「部品を組み立てる」と「データを解析する」。,言語,20.0,,,,
【狼：動物】と同じ関係の語句を選びなさい。【冷蔵庫：？】,unnamed.png,冷凍庫,掃除機,食品,電化製品,製氷,D,狼は動物の一種。冷蔵庫は電化製品の一種。後が前の項目を含む。,言語,20.0,,,,
【ポンプ：水供給】と同じ関係の語句を選びなさい。【エアコン：？】,unnamed.png,電化製品,温度調節,クーラー,省エネ,室内,B,ポンプの機能は水の供給。エアコンの機能は温度の調節。,言語,20.0,,,,
【鳥：魚】と同じ関係の語句を選びなさい。【紙幣：？】,unnamed.png,一万円札,硬貨,支払い,財布,銀行,B,鳥も魚も動物の一種。同種類の関係。紙幣も硬貨も通貨の一種。,言語,20.0,,,,
【犬：柴犬】と同じ関係の語句を選びなさい。【画材：？】,unnamed.png,絵具,絵画,画家,美術,音楽,A,柴犬は犬の一種。絵具は画材の一種。前が後の項目を含む。,言語,20.0,,,,
【光：闇】と同じ関係の語句を選びなさい。【解放：？】,unnamed.png,自由,捕虜,解散,開放,拘束,E,光と闇は対義語。解放の対義語は拘束。,言語,20.0,,,,
"最初に示された二語の関係を考えて、同じ関係のものを選べ。
【前進：停滞】
ア　自然：人工　イ　歯ブラシ：歯磨き　ウ　電車：地下鉄",unnamed.png,アだけ,イだけ,ウだけ,アとイ,アとウ,A,前進と停滞は対義語。対義語関係は「自然：人工」だけ。,言語,20.0,,,,
"最初に示された二語の関係を考えて、同じ関係のものを選べ。
【座席：バス】
ア　手帳：ペン　イ　ブレーキ：車　ウ　望遠鏡：天体観測",unnamed.png,アだけ,イだけ,ウだけ,アとイ,アとウ,B,座席はバスの一部。全体と一部の関係は「ブレーキ：車」だけ。,言語,20.0,,,,
"最初に示された二語の関係を考えて、同じ関係のものを選べ。
【文学：音楽】
ア　野球：テニス　イ　電車：バス　ウ　方角：コンパス",unnamed.png,アだけ,イだけ,ウだけ,アとイ,アとウ,D,文学も音楽も芸術の一種。野球もテニスもスポーツの一種。電車もバスも乗り物の一種。,言語,20.0,,,,
"最初に示された二語の関係を考えて、同じ関係のものを選べ。
【地球：惑星】
ア　飲み物：お茶　イ　サボテン：植物　ウ　言語：英語",unnamed.png,アだけ,イだけ,ウだけ,アとイ,アとウ,B,「地球：惑星」「サボテン：植物」は後が前を含んでいる。「飲み物：お茶」「言語：英語」は前が後を含んでいる。,言語,20.0,,,,
"最初に示された二語の関係を考えて、同じ関係のものを選べ。
【化石：発掘】
ア　水道：ガス　イ　硬直：柔軟　ウ　農作物：栽培",unnamed.png,アだけ,イだけ,ウだけ,アとイ,アとウ,C,「～を～する」と言える組み合わせ。「化石を発掘する」と「農作物を栽培する」。,言語,20.0,,,,
"最初に示された二語の関係を考えて、同じ関係のものを選べ。
【剣道：柔道】
ア　水道：ガス　イ　すいか：りんご　ウ　化学：数学",unnamed.png,アだけ,イだけ,ウだけ,アとイ,アとウ,E,剣道も柔道も武道の一種。水道もガスもインフラの一種。化学も数学も教科の一種。すいかは野菜なので同種類ではない。,言語,20.0,,,,
"最初に示された二語の関係を考えて、同じ関係のものを選べ。
【独立：依存】
ア模倣：創造　イ　手紙：書状　ウ　自由：束縛",unnamed.png,アだけ,イだけ,ウだけ,アとイ,アとウ,E,独立と依存は対義語関係。「創造：模倣」「自由：束縛」は対義語関係。,言語,20.0,,,,
"最初に示された二語の関係を考えて、同じ関係のものを選べ。
【和食：洋食】
ア　料理：中華　イ　地球：火星　ウ　調理：飲食",unnamed.png,アだけ,イだけ,ウだけ,アとイ,アとウ,B,和食も洋食も食の一種。地球も火星も惑星の一種。,言語,20.0,,,,
"最初に示された二語の関係を考えて、同じ関係のものを選べ。
【手紙：書状】
ア　本屋：書店　イ　水車：発電　ウ　宇宙：時間",unnamed.png,アだけ,イだけ,ウだけ,アとイ,アとウ,A,手紙と書状は同義語。同義語関係は本屋と書店。,言語,20.0,,,,
寡聞,unnamed.png,よけいなこと,見聞が狭いこと,自分には関係ないこと,非常識なこと,おせっかいなこと,B,寡聞（かぶん）は見聞が狭く浅いこと。,言語,20.0,,,,
跳梁跋扈,unnamed.png,体操競技で飛んだりはねたりすること,悪人がはびこり悪事を働くこと,魔物が飛び交う気味の悪い世界,悪魔の支配する領域,各方面で大活躍すること,B,跳梁跋扈（ちょうりょうばっこ）は悪人がはびこり悪事を働くこと。,言語,20.0,,,,
鳩首協議,unnamed.png,各国の首相が集まって会議をすること,人びとが集まって会議を開くこと,自然保護のために会議を開くこと,何人かの専門家で会議をすること,立場の異なる人が集まること,B,鳩首協議（きゅうしゅきょうぎ）は人々が集まって会議を開くこと。,言語,20.0,,,,
出色,unnamed.png,すばらしさのあまり興奮すること,何よりも劣って見えること,きわだって優れて見えること,顔色が変わるほどひどいこと,怒りのあまり赤くなること,C,出色（しゅっしょく）はきわだって優れて見えること。,言語,20.0,,,,
歓心を買う,unnamed.png,他人を説得して納得させる,他人を心から楽しませる,人から気に入られようと機嫌をとる,人の事に興味関心をもつ,人の噂話を信じ込む,C,歓心を買う（かんしんをかう）は人から気に入られようと機嫌をとること。,言語,20.0,,,,
手をつかねる,unnamed.png,前もって準備する,何もしないで見ている,きちんと行儀よく座る,どうするか迷っている,器用にこなす,B,手をつかねるは何もしないで見ていること。,言語,20.0,,,,
隘路,unnamed.png,悲哀,障害,不幸,人生,皮肉,B,隘路（あいろ）は物事を進める上で妨げとなるもの。,言語,20.0,,,,
屈託がない,unnamed.png,意志が弱い,大人っぽい,あいまいさがない,心配事がない,関心がない,D,屈託（くったく）は心配事。,言語,20.0,,,,
逆鱗に触れる,unnamed.png,人の恨みを買う,弱みに付け込む,相手の機嫌を取る,目上の人を怒らせる,敵を打ち破る,D,逆鱗に触れる（げきりんにふれる）は目上の人を怒らせること。,言語,20.0,,,,
口裏を合わせる,unnamed.png,うそをつく,知ったかぶりをする,話の内容が食い違わないようにする,いいわけをする,論を捻じ曲げる,C,口裏を合わせるは話の内容が食い違わないようにすること。,言語,20.0,,,,
学問、知識の少ないこと。,unnamed.png,浅学,不埒,短慮,愚直,博学,A,浅学（せんがく）は学問、知識の少ないこと。,言語,20.0,,,,
片端から自分の勢力範囲に収めること。,unnamed.png,浸食,進撃,席巻,侵攻,襲来,C,席巻（せっけん）は片端から自分の勢力範囲に収めること。,言語,20.0,,,,
つらい目や苦しい思い。,unnamed.png,苦慮,寂寞,腐心,難儀,辛酸,E,辛酸（しんさん）はつらい目や苦しい思いをすること。,言語,20.0,,,,
まちがいを正しいものとする議論。,unnamed.png,高論,空論,俗論,卓論,曲論,E,曲論（きょくろん）はまちがいを正しいものとする議論。,言語,20.0,,,,
自分の信念を貫くしっかりした態度で臨む様子。,unnamed.png,厳格,辛辣,苛烈,毅然,激甚,D,毅然（きぜん）は自分の信念を貫くしっかりした態度で臨む様子。,言語,20.0,,,,
先方からしてきたことに対して、こちらからもやり返すこと。,unnamed.png,応酬,相槌,詰問,物議,動議,A,応酬（おうしゅう）は先方からしてきたことに対して、こちらからもやり返すこと。,言語,20.0,,,,
隠されてきたことが明るみに出ること。,unnamed.png,披露,露呈,顕示,明白,潔白,B,露呈（ろてい）は隠されてきたことが明るみに出ること。,言語,20.0,,,,
ありふれていて、わかりやすいさま。,unnamed.png,座右,至近,界隈,路傍,卑近,E,卑近（ひきん）はありふれていて、わかりやすいさま。,言語,20.0,,,,
かわいそうに思うこと。,unnamed.png,哀愁,寂寥,哀悼,憐憫,感傷,D,憐憫（れんびん）はかわいそうに思うこと。,言語,20.0,,,,
その職業や専門分野の世界。,unnamed.png,在野,斯界,梨園,歌壇,角界,B,斯界（しかい）はその職業や専門分野の世界。,言語,20.0,,,,
情愛のこもった親しいつきあい。,unnamed.png,連帯,結託,親日,厚誼,親切,D,厚誼（こうぎ）は情愛のこもった親しいつきあい。,言語,20.0,,,,
気持ちをしっかりと保つさま。,unnamed.png,豪放,不屈,剛健,果敢,気丈,E,気丈（きじょう）は気持ちをしっかりと保つさま。,言語,20.0,,,,
一時しのぎにするさま。,unnamed.png,泥縄,姑息,杜撰,放漫,安易,B,姑息（こそく）は一時しのぎにするさま。,言語,20.0,,,,
そのものだけが元から持っていること。,unnamed.png,異色,固有,独創,元来,真価,B,固有（こゆう）はそのものだけが元から持っていること。,言語,20.0,,,,
度を越えて好き勝手に振る舞うこと。,unnamed.png,高慢,高潔,不遜,専横,独善,D,専横（せんおう）は度を越えて好き勝手に振る舞うこと。,言語,20.0,,,,
景色のよいことで知られている土地。,unnamed.png,名勝,壮観,暮色,情景,山水,A,名勝（めいしょう）は景色のよいことで知られている土地。,言語,20.0,,,,
受け入れられないとして、しりぞけること。,unnamed.png,除外,排斥,断交,決裂,惜別,B,排斥（はいせき）は受け入れられないとして、しりぞけること。,言語,20.0,,,,
あとで証拠となる約束の言葉。,unnamed.png,論拠,考証,物色,言質,実証,D,言質（げんち）はあとで証拠となる約束の言葉。,言語,20.0,,,,
決められたことをその通りに実行すること。,unnamed.png,本腰,注力,専心,鋭意,励行,E,励行（れいこう）は決められたことをその通りに実行すること。,言語,20.0,,,,
人間のもって生まれた素質や能力を理想的な姿にまで形成すること。,unnamed.png,啓蒙,陶冶,感化,諫言,矯正,B,陶冶（とうや）は人間のもって生まれた素質や能力を理想的な姿にまで形成すること。,言語,20.0,,,,
ある勢力が力を増すこと。,unnamed.png,盛況,躍如,栄達,佳境,台頭,E,台頭（たいとう）はある勢力が力を増すこと。,言語,20.0,,,,
こみいっていてわずらわしいこと。,unnamed.png,複雑,至難,艱難,雑多,煩雑,E,煩雑（はんざつ）はこみいっていてわずらわしいこと。,言語,20.0,,,,
直接に教えは受けないが、ひそかにその人を尊敬し模範として学ぶこと。,unnamed.png,師事,崇拝,私淑,敬服,傾倒,C,私淑（ししゅく）は直接に教えは受けないが、ひそかにその人を尊敬し模範として学ぶこと。,言語,20.0,,,,
束縛や制限を受けず思いのままに自由であること。,unnamed.png,許容,随意,傲慢,無断,適宜,B,随意（ずいい）は束縛や制限を受けず思いのままに自由であること。,言語,20.0,,,,
見ても気にとめないでそのままにしておくこと。,unnamed.png,黙認,看過,免責,静観,一瞥,B,看過（かんか）は見ても気にとめないでそのままにしておくこと。,言語,20.0,,,,
敵の攻撃や非難に対して、何らかの反撃や反論を試みること。,unnamed.png,一矢報いる,白羽の矢が立つ,二の矢を放つ,二の矢が継げない,石に立つ矢,A,一矢報いる（いっしむくいる）は敵の攻撃や非難に対して、何らかの反撃や反論を試みること。,言語,20.0,,,,
話の中で特に興味深い場面。,unnamed.png,機運,佳境,喝破,俄然,機微,B,佳境（かきょう）は話の中で特に興味深い場面。,言語,20.0,,,,
あべこべであること。,unnamed.png,胡乱,懊悩,裏腹,謳歌,応用,C,裏腹（うらはら）はあべこべであること。,言語,20.0,,,,
自分の主張を補強するために、他の文献や事例を引用すること。,unnamed.png,一瞥,運用,塩梅,援用,勘案,D,援用（えんよう）は自分の主張を補強するために、他の文献や事例を引用すること。,言語,20.0,,,,
きまりが悪い。,unnamed.png,臆面もない,面映ゆい,おこがましい,お為ごかし,きらいがある,B,面映ゆい（おもはゆい）はきまりが悪く恥ずかしいこと。,言語,20.0,,,,
にっこりと笑う。,unnamed.png,目を細める,鼻で笑う,枕を高くする,相好を崩す,愁眉を開く,D,相好を崩す（そうごうをくずす）はにっこりと笑うこと。,言語,20.0,,,,
ある人を心から尊敬し、慕うこと。,unnamed.png,啓蒙する,私淑する,傾倒する,腐心する,執着する,C,傾倒する（けいとうする）はある人を心から尊敬し、慕うこと。,言語,20.0,,,,
「このカメラは、自動でピントが被写体に合う。」の「合う」と同じ用法を選べ。,unnamed.png,先生の目と生徒の目が合う。,私の休みが彼女の休みと合う。,証人による陳述書の内容は、全て事実と合う。,何とか社員全員の予定が合う。,私に合うサイズがあるかしら？,C,「二つのものが一致する。くい違いがない。合致する。」という意味の用法。,言語,30.0,,,,
「風呂からあがった。」の「あがった」と同じ用法を選べ。,unnamed.png,プールからあがった。,山頂への道をあがった。,数名の手があがった。,ステージにあがった。,叫び声があがった。,A,「水からあがる」という意味の用法。,言語,30.0,,,,
「手があいたので手伝うことができます。」の「あいた」と同じ用法を選べ。,unnamed.png,駐車場があいたので車を止めた。,今月末は仕事があいたので、会合に参加できます。,新しい時代の幕があいた。,窓があいたままだった。,家があいたままになっている。,B,「暇な状態」という意味の用法。,言語,30.0,,,,
「勤めていた会社をやめ、ペンで生きる決心をした。」の「生きる」と同じ用法を選べ。,unnamed.png,現代に生きる若者たちは不安を抱えている。,先代社長の経営哲学は今なお生きている。,経済的に自立して自分の力で生きると決意をした。,塩の使い方ひとつで素材の味が生きる。,俳優の持ち味が生きるように工夫を凝らす。,C,「生計を立てる」という意味の用法。,言語,30.0,,,,
「表現の自由をおかしてはならない。」の「おかして」と同じ用法を選べ。,unnamed.png,多くの困難をおかして夢を叶えた。,法をおかして大金を得る。,危険をおかして救助を行った。,致命的なミスをおかして負けた。,隣国をおかしてはならない。,E,漢字変換する。「自由を侵して」「隣国を侵して」「困難を冒して」「危険を冒して」「法を犯して」「ミスを犯して」,言語,30.0,,,,
「もうちょっとでぶつかるところだった。」の「ところ」と同じ用法を選べ。,unnamed.png,ここは僕が昔住んでいたところだ。,もう少しで寝過ごすところだった。,このところ、晴天が続いている。,家に帰ったところで電話が鳴った。,今から出かけるところだ。,B,「〜しそうになったが結果的にそうならなかった」 という未遂を表す用法。,言語,30.0,,,,
"次の熟語の成り立ちとして当てはまるものを選べ。
【因果】",unnamed.png,前の漢字が後の漢字を修飾する,反対の意味を持つ漢字を重ねる,動詞の後に目的語を置く,主語と述語の関係にある,AからDのいずれにも当てはまらない,B,因果（いんが）は「原因と結果」の組み合わせで、反対の意味を重ねた熟語。,言語,30.0,,,,
"次の熟語の成り立ちとして当てはまるものを選べ。
【屋外】",unnamed.png,前の漢字が後の漢字を修飾する,反対の意味を持つ漢字を重ねる,動詞の後に目的語を置く,主語と述語の関係にある,AからDのいずれにも当てはまらない,A,屋外（おくがい）は「家屋の外」と読めるので、前の漢字が後の漢字を修飾する熟語。,言語,30.0,,,,
"次の熟語の成り立ちとして当てはまるものを選べ。
【机上】",unnamed.png,前の漢字が後の漢字を修飾する,反対の意味を持つ漢字を重ねる,動詞の後に目的語を置く,主語と述語の関係にある,AからDのいずれにも当てはまらない,A,机上（きじょう）は「机の上」と読めるので、前の漢字が後の漢字を修飾する熟語。,言語,30.0,,,,
"次の熟語の成り立ちとして当てはまるものを選べ。
【増加】",unnamed.png,前の漢字が後の漢字を修飾する,反対の意味を持つ漢字を重ねる,動詞の後に目的語を置く,主語と述語の関係にある,AからDのいずれにも当てはまらない,E,増加（ぞうか）は「増えると加える」の組み合わせなので、同じ意味を重ねた熟語。,言語,30.0,,,,
"次の熟語の成り立ちとして当てはまるものを選べ。
【越冬】",unnamed.png,前の漢字が後の漢字を修飾する,反対の意味を持つ漢字を重ねる,動詞の後に目的語を置く,主語と述語の関係にある,AからDのいずれにも当てはまらない,C,越冬（えっとう）は「冬を越す」と読めるので、動詞の後に目的語を置く熟語。,言語,30.0,,,,
"次の熟語の成り立ちとして当てはまるものを選べ。
【暗示】",unnamed.png,主語と述語の関係にある,反対の意味を持つ漢字を重ねる,動詞の後に目的語を置く,同じ意味を持つ漢字を重ねる,AからDのいずれにも当てはまらない,E,暗示（あんじ）は「暗に示す」と読めるので、、前の漢字が後の漢字を修飾する熟語。,言語,30.0,,,,
"次の熟語の成り立ちとして当てはまるものを選べ。
【骨折】",unnamed.png,主語と述語の関係にある,反対の意味を持つ漢字を重ねる,動詞の後に目的語を置く,同じ意味を持つ漢字を重ねる,AからDのいずれにも当てはまらない,A,骨折は「骨が折れる」と読めるので、主語と述語の関係にある熟語。,言語,30.0,,,,
"次の熟語の成り立ちとして当てはまるものを選べ。
【握手】",unnamed.png,主語と述語の関係にある,反対の意味を持つ漢字を重ねる,動詞の後に目的語を置く,同じ意味を持つ漢字を重ねる,AからDのいずれにも当てはまらない,C,握手は「手を握る」と読めるので、動詞の後に目的語を置く熟語。,言語,30.0,,,,
"次の熟語の成り立ちとして当てはまるものを選べ。
【国営】",unnamed.png,主語と述語の関係にある,反対の意味を持つ漢字を重ねる,動詞の後に目的語を置く,同じ意味を持つ漢字を重ねる,AからDのいずれにも当てはまらない,A,国営（こくえい）は「国が営む」と読めるので、主語と述語の関係にある熟語。,言語,30.0,,,,
"次の熟語の成り立ちとして当てはまるものを選べ。
【起伏】",unnamed.png,主語と述語の関係にある,反対の意味を持つ漢字を重ねる,動詞の後に目的語を置く,同じ意味を持つ漢字を重ねる,AからDのいずれにも当てはまらない,B,起伏（きふく）は「起きると伏せる」の組み合わせなので、反対の意味を重ねた熟語。,言語,30.0,,,,
"次の熟語の成り立ちとして当てはまるものを選べ。
【河川】",unnamed.png,主語と述語の関係にある,同じ意味を持つ漢字を重ねる,動詞の後に目的語を置く,前の漢字が後の漢字を修飾する,AからDのいずれにも当てはまらない,B,河川（かせん）は「河と川」の組み合わせなので、同じ意味を重ねた熟語。,言語,30.0,,,,
"次の熟語の成り立ちとして当てはまるものを選べ。
【特急】",unnamed.png,主語と述語の関係にある,同じ意味を持つ漢字を重ねる,動詞の後に目的語を置く,前の漢字が後の漢字を修飾する,AからDのいずれにも当てはまらない,E,特急は「特別急行」の略なのでどれにも当てはまらない。,言語,30.0,,,,
"次の熟語の成り立ちとして当てはまるものを選べ。
【円高】",unnamed.png,主語と述語の関係にある,同じ意味を持つ漢字を重ねる,動詞の後に目的語を置く,前の漢字が後の漢字を修飾する,AからDのいずれにも当てはまらない,A,円高（えんだか）は「円が高い」と読めるので、主語と述語の関係にある熟語。,言語,30.0,,,,
"次の熟語の成り立ちとして当てはまるものを選べ。
【難化】",unnamed.png,主語と述語の関係にある,同じ意味を持つ漢字を重ねる,動詞の後に目的語を置く,前の漢字が後の漢字を修飾する,AからDのいずれにも当てはまらない,E,難化（なんか）は接尾語「化」がついた熟語であり、どれにも当てはまらない。,言語,30.0,,,,
"次の熟語の成り立ちとして当てはまるものを選べ。
【加熱】",unnamed.png,主語と述語の関係にある,同じ意味を持つ漢字を重ねる,動詞の後に目的語を置く,前の漢字が後の漢字を修飾する,AからDのいずれにも当てはまらない,C,加熱は「熱を加える」と読めるので、動詞の後に目的語を置く熟語。,言語,30.0,,,,
"次の熟語の成り立ちとして当てはまるものを選べ。
【避難】",unnamed.png,前の漢字が後の漢字を修飾する,同じ意味を持つ漢字を重ねる,動詞の後に目的語を置く,反対の意味を持つ漢字を重ねる,AからDのいずれにも当てはまらない,C,避難は「難を避ける」を読めるので、動詞の後に目的語を置く熟語。,言語,30.0,,,,
"次の熟語の成り立ちとして当てはまるものを選べ。
【曲線】",unnamed.png,前の漢字が後の漢字を修飾する,同じ意味を持つ漢字を重ねる,動詞の後に目的語を置く,反対の意味を持つ漢字を重ねる,AからDのいずれにも当てはまらない,A,曲線は「曲がっている線」と読めるので、前の漢字が後の漢字を修飾する熟語。,言語,30.0,,,,
"次の熟語の成り立ちとして当てはまるものを選べ。
【頭痛】",unnamed.png,前の漢字が後の漢字を修飾する,同じ意味を持つ漢字を重ねる,動詞の後に目的語を置く,反対の意味を持つ漢字を重ねる,AからDのいずれにも当てはまらない,E,頭痛は「頭が痛い」と読めるので、主語と述語の関係にある熟語。,言語,30.0,,,,
"次の熟語の成り立ちとして当てはまるものを選べ。
【脅威】",unnamed.png,前の漢字が後の漢字を修飾する,同じ意味を持つ漢字を重ねる,動詞の後に目的語を置く,反対の意味を持つ漢字を重ねる,AからDのいずれにも当てはまらない,B,脅威（きょうい）は「脅かすと威す」の組み合わせなので、同じ意味を重ねた熟語。,言語,30.0,,,,
"次の熟語の成り立ちとして当てはまるものを選べ。
【誤謬】",unnamed.png,前の漢字が後の漢字を修飾する,同じ意味を持つ漢字を重ねる,動詞の後に目的語を置く,反対の意味を持つ漢字を重ねる,AからDのいずれにも当てはまらない,B,誤謬（ごびゅう）は「誤りと間違いを意味する謬」の組み合わせなので、同じ意味を重ねた熟語。,言語,30.0,,,,
"次の（　）に選択肢を入れて意味のとおる文章にしたとき、３番目にくる文はどれか。
編集者というものは（　1　）（　2　）（　3　）（　4　）（　5　）いいというものではない。",unnamed.png,原稿に眼を通し,なんとなく集めて,出版までこぎつければ,単に作者からもらった,校正をして,E,編集者というものは（D単に作者からもらった）（A原稿に眼を通し）（E校正をして）（Bなんとなく集めて）（C出版までこぎつければ）いいというものではない。,言語,60.0,,,,
"以下の言葉と意味が最も合致するものを一つ選びなさい。
他と異なり目立つ輝きや特徴",unnamed.png,一瞥,逸脱,委細,意匠,異彩,E,異彩（いさい）は「他と異なり目立つ輝きや特徴」という意味。,言語,20.0,,,,
"次の（　）に選択肢を入れて意味のとおる文章にしたとき、４番目にくる文はどれか。
世間で一般的に（　1　）（　2　）（　3　）（　4　）（　5　）ありはしない。",unnamed.png,どこにも,よくいわれるが,美しいことばというものは,単独に取り出して,美しいことばと,C,世間で一般的に（E美しいことばと）（Bよくいわれるが）（D単独に取り出して）（C美しいことばというものは）（Aどこにも）ありはしない。,言語,60.0,,,,
"次の（　）に選択肢を入れて意味のとおる文章にしたとき、2番目に入る文はどれか。
ほとんどの親は、（　1　）（　2　）（　3　）（　4　）（　5　）存在しないのである。",unnamed.png,「平等」に扱っていると,確信しているが,自分の子どもたちを,絶対の「平等」などは,子どもたちの目から見るとき,A,ほとんどの親は、（C自分の子どもたちを）（A「平等」に扱っていると）（B確信しているが）（E子どもたちの目から見るとき）（D絶対の「平等」などは）存在しないのである。,言語,60.0,,,,
"次の（　）に選択肢を入れて意味のとおる文章にしたとき、4番目に入る文はどれか。
稲の拡散は（　1　）（　2　）（　3　）（　4　）（　5　）広がっていく。",unnamed.png,今から4000年から,ベトナムや、雲南,さらに中国の内陸深く,3000年前に起こり,照葉樹林帯一帯に,C,稲の拡散は（A今から4000年から）（D3000年前に起こり）（Bベトナムや、雲南）（Cさらに中国の内陸深く）（E照葉樹林帯一帯に）広がっていく。,言語,60.0,,,,
"次の（　）に選択肢を入れて意味のとおる文章にしたとき、３番目に入る文はどれか。
ボディシャンプーや（　1　）（　2　）（　3　）（　4　）（　5　）きている。",unnamed.png,いわゆる,伸ばして,エチケット商品は,急速に売上を,デオドラント製品などの,C,ボディシャンプーや（Eデオドラント製品などの）（Aいわゆる）（Cエチケット商品は）（D急速に売上を）（B伸ばして）きている。,言語,60.0,,,,
"次の（　）に選択肢を入れて意味のとおる文章にしたとき、4番目に入る文はどれか。
古い（　1　）（　2　）（　3　）（　4　）（　5　）空間に驚くことでしょう。",unnamed.png,訪れる,能舞台を,はじめて,人の多くは,その荘厳な,D,古い（B能舞台を）（Cはじめて）（A訪れる）（D人の多くは）（Eその荘厳な）空間に驚くことでしょう。,言語,60.0,,,,
"次の（　）に選択肢を入れて意味のとおる文章にしたとき、4番目に入る文はどれか。
映画の（　1　）（　2　）（　3　）（　4　）（　5　）がある。",unnamed.png,現場であまりに,小津監督は,という逸話,腹ばいすぎたため,胃をいためた,E,映画の（B小津監督は）（A現場であまりに）（D腹ばいすぎたため）（E胃をいためた）（Cという逸話）がある。,言語,60.0,,,,
"次の（　）に選択肢を入れて意味のとおる文章にしたとき、５番目に入る文はどれか。
モーツァルトは（　1　）（　2　）（　3　）（　4　）（　5　）一人である。",unnamed.png,オーストリアの,古典派を,音楽家の,作曲家で,代表する,C,モーツァルトは（Aオーストリアの）（D作曲家で）（B古典派を）（E代表する）（C音楽家の）一人である。,言語,60.0,,,,
"次の（　）に選択肢を入れて意味のとおる文章にしたとき、4番目に入る文はどれか。
文章を（　1　）（　2　）（　3　）（　4　）（　5　）できません。",unnamed.png,書くことはできず,地道に一文一文,書きつづけることしか,一度に文章全体を,書く人は誰でも,B,文章を（E書く人は誰でも）（D一度に文章全体を）（A書くことはできず）（B地道に一文一文）（C書きつづけることしか）できません。,言語,60.0,,,,
"次の（　）に選択肢を入れて意味のとおる文章にしたとき、4番目に入る文はどれか。
オオバコの種子は（　1　）（　2　）（　3　）（　4　）（　5　）膨張して粘着する。",unnamed.png,水に濡れると,紙おむつに似た,化学構造のゼリー状の,物質を持っていて,雨が降って,E,オオバコの種子は（B紙おむつに似た）（C化学構造のゼリー状の）（D物質を持っていて）（E雨が降って）（A水に濡れると）膨張して粘着する。,言語,60.0,,,,
"次の（　）に選択肢を入れて意味のとおる文章にしたとき、５番目に入る文はどれか。
今度の山本氏は（　1　）（　2　）（　3　）（　4　）（　5　）社長にあたる。",unnamed.png,五十年前に,初代社長に,八人目の,古田氏が,就任してから,C,今度の山本氏は（A五十年前に）（D古田氏が）（B初代社長に）（E就任してから）（C八人目の）社長にあたる。,言語,60.0,,,,
"次の二語の関係を考え、同じ関係のもの選べ。
【竣工：着工】
ア　滅亡：危機　イ　容赦：勘弁　ウ　生産：消費 ",unnamed.png,アだけ,イだけ,ウだけ,アとイ,アとウ,C,竣工（しゅんこう）と着工（ちゃっこう）は対義語。対義語関係は生産と消費。,言語,20.0,,,,
【支配：統治】と同じ関係の語句を選びなさい。【堅固：？】,unnamed.png,頑固,柔軟,強引,頑丈,固執,D,支配と統治は同義語。堅固（けんご）の同義語は頑丈（がんじょう）。,言語,20.0,,,,
"次の二語の関係を考え、同じ関係のもの選べ。
【自動車：エンジン】
ア　書籍：雑誌　イ　机：椅子　ウ　デジタルカメラ：レンズ",unnamed.png,アだけ,イだけ,ウだけ,アとイ,アとウ,C,エンジンは自動車の一部分。レンズはデジタルカメラの一部分。,言語,20.0,,,,
"次の二語の関係を考え、同じ関係のもの選べ。
【嗜好品：コーヒー】
ア　万年筆：筆記用具　イ　伝統芸能：歌舞伎　ウ　二毛作：農家",unnamed.png,アだけ,イだけ,ウだけ,アとイ,アとウ,B,嗜好品（しこうひん）の中にコーヒーは含まれる。伝統芸能の中に歌舞伎は含まれる。前が後を含む関係。,言語,20.0,,,,
身分不相応なほど、ぜいたくをすること,,怠惰,奢侈,充満,満喫,豪奢,B,奢侈（しゃし）は身分不相応なほど、ぜいたくをすること。,,,,,,
